[
  {
    "Title": "Include",
    "Id": "703333",
    "ParentWikiTitle": "Documentation",
    "FileExtension": "html",
    "UpdatedDate": "2013-03-09T04:56:33.8-08:00",
    "FileAttachments": []
  },
  {
    "Title": "Documentation",
    "Id": "701326",
    "ParentWikiTitle": "Documentation",
    "FileExtension": "html",
    "UpdatedDate": "2013-03-04T11:28:10.203-08:00",
    "FileAttachments": [
      {
        "Id": "9ace4462-36cd-49ed-8fe1-7a32233b89a0",
        "FileName": "ScreenShot017_2.png",
        "DownloadUri": "./701326/9ace4462-36cd-49ed-8fe1-7a32233b89a0"
      },
      {
        "Id": "29db8177-e73f-43fb-8c7e-c3c23b5cd5e0",
        "FileName": "ScreenShot017_thumb.png",
        "DownloadUri": "./701326/29db8177-e73f-43fb-8c7e-c3c23b5cd5e0"
      }
    ]
  },
  {
    "Title": "Next steps",
    "Id": "701325",
    "ParentWikiTitle": "Documentation",
    "FileExtension": "html",
    "UpdatedDate": "2013-03-04T11:25:26.293-08:00",
    "FileAttachments": []
  },
  {
    "Title": "Legal",
    "Id": "701324",
    "ParentWikiTitle": "Documentation",
    "FileExtension": "html",
    "UpdatedDate": "2013-03-04T11:18:56.03-08:00",
    "FileAttachments": []
  },
  {
    "Title": "Home",
    "Id": "701312",
    "ParentWikiTitle": "Home",
    "FileExtension": "html",
    "UpdatedDate": "2013-03-04T10:48:41.51-08:00",
    "FileAttachments": [
      {
        "Id": "d7ebec5b-cfd4-4040-a8bc-39049e4039d1",
        "FileName": "image_2.png",
        "DownloadUri": "./701312/d7ebec5b-cfd4-4040-a8bc-39049e4039d1"
      },
      {
        "Id": "56ee7a4f-8536-4f0c-919c-3d0ae700d4a8",
        "FileName": "image_thumb.png",
        "DownloadUri": "./701312/56ee7a4f-8536-4f0c-919c-3d0ae700d4a8"
      },
      {
        "Id": "eed14a18-e7a3-4962-b918-3383733562cb",
        "FileName": "image_5.png",
        "DownloadUri": "./701312/eed14a18-e7a3-4962-b918-3383733562cb"
      },
      {
        "Id": "3d9d4e6e-e53b-468b-86fd-4349a6f3fcae",
        "FileName": "image_thumb_1.png",
        "DownloadUri": "./701312/3d9d4e6e-e53b-468b-86fd-4349a6f3fcae"
      }
    ]
  },
  {
    "Title": "Impressions",
    "Id": "676302",
    "ParentWikiTitle": "Home",
    "FileExtension": "html",
    "UpdatedDate": "2013-01-10T04:30:16.187-08:00",
    "FileAttachments": [
      {
        "Id": "daf3f78a-0462-4c70-8930-8cc7d22936a4",
        "FileName": "ScreenShot001_2.png",
        "DownloadUri": "./676302/daf3f78a-0462-4c70-8930-8cc7d22936a4"
      },
      {
        "Id": "e3f94d71-9035-4325-8d7f-ee94f03ae13b",
        "FileName": "ScreenShot001_thumb.png",
        "DownloadUri": "./676302/e3f94d71-9035-4325-8d7f-ee94f03ae13b"
      },
      {
        "Id": "ae826f49-8889-468b-8af5-8430c5714125",
        "FileName": "OpenSkies20111203 (3)_2.png",
        "DownloadUri": "./676302/ae826f49-8889-468b-8af5-8430c5714125"
      },
      {
        "Id": "a623dccc-0093-4d65-a173-7a1406859226",
        "FileName": "OpenSkies20111203 (3)_thumb.png",
        "DownloadUri": "./676302/a623dccc-0093-4d65-a173-7a1406859226"
      },
      {
        "Id": "0b7b28c3-f915-4fe0-994e-a814afcb4dfa",
        "FileName": "OpenSkies20111203 (1)_2.png",
        "DownloadUri": "./676302/0b7b28c3-f915-4fe0-994e-a814afcb4dfa"
      },
      {
        "Id": "0b45de5f-f425-4def-8d53-7b6c7040220c",
        "FileName": "OpenSkies20111203 (1)_thumb.png",
        "DownloadUri": "./676302/0b45de5f-f425-4def-8d53-7b6c7040220c"
      },
      {
        "Id": "a2403ee4-4096-428b-a871-0e88cf8f08e7",
        "FileName": "Rovaniemi Airport 20121217_2.png",
        "DownloadUri": "./676302/a2403ee4-4096-428b-a871-0e88cf8f08e7"
      },
      {
        "Id": "49f61c35-d584-4367-b838-8469b36b40f0",
        "FileName": "Rovaniemi Airport 20121217_thumb.png",
        "DownloadUri": "./676302/49f61c35-d584-4367-b838-8469b36b40f0"
      },
      {
        "Id": "df783af3-23cd-466c-8477-8e29c689b2dd",
        "FileName": "FrankfurtOverload20120114 (2)_2.png",
        "DownloadUri": "./676302/df783af3-23cd-466c-8477-8e29c689b2dd"
      },
      {
        "Id": "a29db74a-dee3-4e3f-a94a-6c95614d5589",
        "FileName": "FrankfurtOverload20120114 (2)_thumb.png",
        "DownloadUri": "./676302/a29db74a-dee3-4e3f-a94a-6c95614d5589"
      },
      {
        "Id": "77bde8ca-4df9-4a44-8360-52abd0ca5ed8",
        "FileName": "SlowUpdates_4.png",
        "DownloadUri": "./676302/77bde8ca-4df9-4a44-8360-52abd0ca5ed8"
      },
      {
        "Id": "f9f5c047-2833-4dca-a39c-24e6d04597b9",
        "FileName": "SlowUpdates_thumb_1.png",
        "DownloadUri": "./676302/f9f5c047-2833-4dca-a39c-24e6d04597b9"
      },
      {
        "Id": "cc0af8e0-e325-436e-b468-be9365244ad4",
        "FileName": "FastUpdates_2.png",
        "DownloadUri": "./676302/cc0af8e0-e325-436e-b468-be9365244ad4"
      },
      {
        "Id": "d73d571d-a287-4f83-9306-50836c03a5df",
        "FileName": "FastUpdates_thumb.png",
        "DownloadUri": "./676302/d73d571d-a287-4f83-9306-50836c03a5df"
      },
      {
        "Id": "fd3b8977-7f42-40c1-8420-fda4f0cf88a8",
        "FileName": "SlowUpdates5.png",
        "DownloadUri": "./676302/fd3b8977-7f42-40c1-8420-fda4f0cf88a8"
      },
      {
        "Id": "557682ff-fa5a-4196-a001-02a7a6427939",
        "FileName": "SlowUpdates5_thumb.png",
        "DownloadUri": "./676302/557682ff-fa5a-4196-a001-02a7a6427939"
      },
      {
        "Id": "4fe471b5-538c-4d10-bd6e-06283d9e4f96",
        "FileName": "FastUpdates_2.png",
        "DownloadUri": "./676302/4fe471b5-538c-4d10-bd6e-06283d9e4f96"
      },
      {
        "Id": "16916c8e-5eda-4752-8924-eefa1ca733be",
        "FileName": "FastUpdates_thumb.png",
        "DownloadUri": "./676302/16916c8e-5eda-4752-8924-eefa1ca733be"
      },
      {
        "Id": "13b22cda-6348-4360-90d3-850ee2f946bc",
        "FileName": "Rovaniemi-Airport-20121217.png",
        "DownloadUri": "./676302/13b22cda-6348-4360-90d3-850ee2f946bc"
      },
      {
        "Id": "aa19cb4c-9680-41b2-aea5-edab59916ecb",
        "FileName": "Rovaniemi-Airport-20121217_thumb.png",
        "DownloadUri": "./676302/aa19cb4c-9680-41b2-aea5-edab59916ecb"
      }
    ]
  },
  {
    "Title": "Development",
    "Id": "660833",
    "ParentWikiTitle": "Documentation",
    "FileExtension": "html",
    "UpdatedDate": "2012-11-28T03:30:35.137-08:00",
    "FileAttachments": []
  },
  {
    "Title": "Ground overlay charts",
    "Id": "488363",
    "ParentWikiTitle": "Documentation",
    "FileExtension": "html",
    "UpdatedDate": "2011-10-22T07:22:01.4-07:00",
    "FileAttachments": [
      {
        "Id": "99b4f30d-5bee-4e4b-a848-814c68e56b29",
        "FileName": "ScreenShot006_2.png",
        "DownloadUri": "./488363/99b4f30d-5bee-4e4b-a848-814c68e56b29"
      },
      {
        "Id": "a889cf30-c4f6-445a-a2ee-4ea571994996",
        "FileName": "ScreenShot006_thumb.png",
        "DownloadUri": "./488363/a889cf30-c4f6-445a-a2ee-4ea571994996"
      }
    ]
  }
]
